file,bytes,n_playlists,n_tracks,parse_s
mpd.slice.0-999.json,34119368,1000,67503,0.3958079589938279
mpd.slice.1000-1999.json,33681395,1000,66622,0.37047058300231583
mpd.slice.10000-10999.json,33691886,1000,66648,0.37497712500044145
mpd.slice.100000-100999.json,34735676,1000,68750,0.3837712079985067
mpd.slice.101000-101999.json,33143802,1000,65571,0.36563608300639316
mpd.slice.102000-102999.json,34224525,1000,67714,0.38041062498814426
mpd.slice.103000-103999.json,32606276,1000,64529,0.3726680830004625
mpd.slice.104000-104999.json,35239288,1000,69789,0.4221738339983858
mpd.slice.105000-105999.json,33140083,1000,65603,0.37658504099817947
mpd.slice.106000-106999.json,34266249,1000,67839,0.38417341699823737
mpd.slice.107000-107999.json,33037230,1000,65371,0.3660987920011394
mpd.slice.108000-108999.json,34903494,1000,69098,0.40432345899171196
mpd.slice.109000-109999.json,34747270,1000,68807,0.3869794590282254
mpd.slice.11000-11999.json,32833224,1000,64939,0.3618009579950012
mpd.slice.110000-110999.json,33689074,1000,66737,0.37512970899115317
mpd.slice.111000-111999.json,33747389,1000,66717,0.36913241699221544
mpd.slice.112000-112999.json,33547633,1000,66399,0.3732124580128584
mpd.slice.113000-113999.json,33936509,1000,67155,0.37426208300166763
mpd.slice.114000-114999.json,33946205,1000,67230,0.37290654200478457
mpd.slice.115000-115999.json,33837191,1000,66941,0.3769517500186339
mpd.slice.116000-116999.json,32905217,1000,65115,0.3732605420227628
mpd.slice.117000-117999.json,34054185,1000,67413,0.39292525002383627
mpd.slice.118000-118999.json,34973463,1000,69226,0.3907568329886999
mpd.slice.119000-119999.json,34310349,1000,67803,0.3873461250041146
mpd.slice.12000-12999.json,35088504,1000,69441,0.3895604999852367
mpd.slice.120000-120999.json,34418361,1000,68143,0.3817036249965895
mpd.slice.121000-121999.json,34416784,1000,68051,0.3840428749972489
mpd.slice.122000-122999.json,32737032,1000,64738,0.3605024160060566
mpd.slice.123000-123999.json,32754239,1000,64863,0.3805420839926228
mpd.slice.124000-124999.json,33887479,1000,67084,0.3741206249978859
mpd.slice.125000-125999.json,35446572,1000,70168,0.3896109589841217
mpd.slice.126000-126999.json,35186297,1000,69684,0.3902961249987129
mpd.slice.127000-127999.json,33498601,1000,66196,0.3687094579800032
mpd.slice.128000-128999.json,34265944,1000,67771,0.3763414169952739
mpd.slice.129000-129999.json,33908210,1000,67060,0.37511695799184963
mpd.slice.13000-13999.json,33381326,1000,66127,0.3878567090141587
mpd.slice.130000-130999.json,33225498,1000,65759,0.37105225000414066
mpd.slice.131000-131999.json,34230542,1000,67788,0.3946402499859687
mpd.slice.132000-132999.json,34481085,1000,68250,0.390056292002555
mpd.slice.133000-133999.json,34872824,1000,68996,0.3914010419975966
mpd.slice.134000-134999.json,32209505,1000,63672,0.36692587498691864
mpd.slice.135000-135999.json,33058437,1000,65364,0.3754547919961624
mpd.slice.136000-136999.json,31685516,1000,62607,0.3725585000065621
mpd.slice.137000-137999.json,34560870,1000,68341,0.3921989999944344
mpd.slice.138000-138999.json,33015804,1000,65298,0.36718883298453875
mpd.slice.139000-139999.json,33626281,1000,66485,0.36808408302022144
mpd.slice.14000-14999.json,33638009,1000,66542,0.3967138339939993
mpd.slice.140000-140999.json,34591836,1000,68389,0.41112237502238713
mpd.slice.141000-141999.json,32996309,1000,65313,0.35550987502210774
mpd.slice.142000-142999.json,33671093,1000,66609,0.48693791701225564
mpd.slice.143000-143999.json,33165165,1000,65636,0.38745437501347624
mpd.slice.144000-144999.json,34549188,1000,68312,0.39314645901322365
mpd.slice.145000-145999.json,33560650,1000,66496,0.392165750003187
mpd.slice.146000-146999.json,32309139,1000,63886,0.3953099999926053
mpd.slice.147000-147999.json,32935087,1000,65127,0.4133854160027113
mpd.slice.148000-148999.json,34784237,1000,68835,0.41106879198923707
mpd.slice.149000-149999.json,33987787,1000,67278,0.3884044580045156
mpd.slice.15000-15999.json,32914198,1000,65113,0.3793559999903664
mpd.slice.150000-150999.json,34189573,1000,67639,0.4064077919756528
mpd.slice.151000-151999.json,33685788,1000,66700,0.4058544170111418
mpd.slice.152000-152999.json,32707028,1000,64720,0.40487012499943376
mpd.slice.153000-153999.json,34749703,1000,68669,0.5185633330256678
mpd.slice.154000-154999.json,34096653,1000,67566,0.425426708010491
mpd.slice.155000-155999.json,33716058,1000,66716,0.3989317500090692
mpd.slice.156000-156999.json,34537227,1000,68371,0.41708087499137037
mpd.slice.157000-157999.json,33001115,1000,65249,0.39091012501739897
mpd.slice.158000-158999.json,32671465,1000,64597,0.40083649998996407
mpd.slice.159000-159999.json,34028558,1000,67254,0.41724012498161756
mpd.slice.16000-16999.json,33992532,1000,67229,0.41139733299496584
mpd.slice.160000-160999.json,32878947,1000,65033,0.39827408400014974
mpd.slice.161000-161999.json,33651656,1000,66595,0.38921137497527525
mpd.slice.162000-162999.json,34003083,1000,67269,0.39803020798717625
mpd.slice.163000-163999.json,32380354,1000,64082,0.38040270798956044
mpd.slice.164000-164999.json,33801843,1000,66840,0.3943220409855712
mpd.slice.165000-165999.json,35594488,1000,70413,0.4157343340048101
mpd.slice.166000-166999.json,34237019,1000,67797,0.40264491699053906
mpd.slice.167000-167999.json,33812918,1000,67053,0.39338566598598845
mpd.slice.168000-168999.json,34679722,1000,68607,0.40597212497959845
mpd.slice.169000-169999.json,32304938,1000,63848,0.3777741249941755
mpd.slice.17000-17999.json,34637378,1000,68546,0.40744379101670347
mpd.slice.170000-170999.json,33462372,1000,66100,0.396657375007635
mpd.slice.171000-171999.json,34084044,1000,67496,0.3969974580104463
mpd.slice.172000-172999.json,31961475,1000,63188,0.3687708749785088
mpd.slice.173000-173999.json,33492980,1000,66316,0.3862747499952093
mpd.slice.174000-174999.json,33370735,1000,66124,0.38680008400115184
mpd.slice.175000-175999.json,33388926,1000,66087,0.4066285839944612
mpd.slice.176000-176999.json,34771560,1000,68753,0.41754783401847817
mpd.slice.177000-177999.json,32442587,1000,64181,0.37996933300746605
mpd.slice.178000-178999.json,33618745,1000,66498,0.39548170898342505
mpd.slice.179000-179999.json,34631963,1000,68476,0.4068662080098875
mpd.slice.18000-18999.json,33975679,1000,67185,0.3974924999929499
mpd.slice.180000-180999.json,34243612,1000,67760,0.4005307919869665
mpd.slice.181000-181999.json,33236649,1000,65758,0.389269792009145
mpd.slice.182000-182999.json,34502471,1000,68318,0.40857337502529845
mpd.slice.183000-183999.json,34712480,1000,68666,0.41555725000216626
mpd.slice.184000-184999.json,34679523,1000,68571,0.4060520000057295
mpd.slice.185000-185999.json,32568974,1000,64430,0.3821574170142412
mpd.slice.186000-186999.json,34038523,1000,67309,0.4582015830092132
mpd.slice.187000-187999.json,34098638,1000,67458,0.4334332090220414
mpd.slice.188000-188999.json,33669596,1000,66693,0.4141697919985745
mpd.slice.189000-189999.json,32945027,1000,65179,0.3759827920002863
mpd.slice.19000-19999.json,33836322,1000,66925,0.4119953330082353
mpd.slice.190000-190999.json,33090831,1000,65452,0.3786169159866404
mpd.slice.191000-191999.json,33659568,1000,66581,0.38449870800832286
mpd.slice.192000-192999.json,31679440,1000,62610,0.3792824170086533
mpd.slice.193000-193999.json,33699867,1000,66611,0.42089224999654107
mpd.slice.194000-194999.json,32909604,1000,65141,0.3926823749789037
mpd.slice.195000-195999.json,34050095,1000,67360,0.4140428749960847
mpd.slice.196000-196999.json,33293261,1000,65797,0.3921837499947287
mpd.slice.197000-197999.json,31888794,1000,63085,0.36874991600052454
mpd.slice.198000-198999.json,34940139,1000,69190,0.41375512498780154
mpd.slice.199000-199999.json,33265655,1000,65883,0.39041204200475477
mpd.slice.2000-2999.json,33188277,1000,65749,0.3924082500161603
mpd.slice.20000-20999.json,33662652,1000,66656,0.4011486670060549
mpd.slice.200000-200999.json,32896357,1000,65076,0.39197249998687766
mpd.slice.201000-201999.json,32559511,1000,64384,0.3700295420130715
mpd.slice.202000-202999.json,32172116,1000,63612,0.3713593329885043
mpd.slice.203000-203999.json,32398599,1000,64075,0.37430333299562335
mpd.slice.204000-204999.json,33284390,1000,65828,0.37648491698200814
mpd.slice.205000-205999.json,35010542,1000,69334,0.3999152909964323
mpd.slice.206000-206999.json,34051182,1000,67298,0.38850616599665955
mpd.slice.207000-207999.json,32689231,1000,64607,0.3720722090220079
mpd.slice.208000-208999.json,33042921,1000,65361,0.3780942919838708
mpd.slice.209000-209999.json,32711257,1000,64677,0.3714050840062555
mpd.slice.21000-21999.json,33485158,1000,66282,0.38140529199154116
mpd.slice.210000-210999.json,33426507,1000,66058,0.38139525000588037
mpd.slice.211000-211999.json,32784564,1000,64862,0.38904837498557754
mpd.slice.212000-212999.json,33028512,1000,65318,0.37977266698726453
mpd.slice.213000-213999.json,33500420,1000,66272,0.3802997500170022
mpd.slice.214000-214999.json,34383417,1000,67961,0.39541191700845957
mpd.slice.215000-215999.json,34356221,1000,67997,0.39692720901803114
mpd.slice.216000-216999.json,33470449,1000,66178,0.3803359589946922
mpd.slice.217000-217999.json,33526720,1000,66304,0.38401008301298134
mpd.slice.218000-218999.json,35318150,1000,69934,0.4042409590038005
mpd.slice.219000-219999.json,32930811,1000,65165,0.3834477920026984
mpd.slice.22000-22999.json,35345996,1000,69943,0.40631579197361134
mpd.slice.220000-220999.json,32998995,1000,65257,0.3759672500018496
mpd.slice.221000-221999.json,33422988,1000,66099,0.3893665830255486
mpd.slice.222000-222999.json,34369236,1000,68080,0.39364275001571514
mpd.slice.223000-223999.json,32482238,1000,64259,0.3717451249831356
mpd.slice.224000-224999.json,33872000,1000,67045,0.39760537500842474
mpd.slice.225000-225999.json,33886928,1000,67038,0.3865774169971701
mpd.slice.226000-226999.json,32812182,1000,64940,0.3773298329906538
mpd.slice.227000-227999.json,34062870,1000,67452,0.3951981669815723
mpd.slice.228000-228999.json,35058427,1000,69348,0.4025587080104742
mpd.slice.229000-229999.json,33861569,1000,67078,0.4028962079901248
mpd.slice.23000-23999.json,33957599,1000,67125,0.39168287499342114
mpd.slice.230000-230999.json,33410017,1000,66090,0.38627687498228624
mpd.slice.231000-231999.json,32026992,1000,63419,0.37485283400746994
mpd.slice.232000-232999.json,33941669,1000,67108,0.40351037500659004
mpd.slice.233000-233999.json,33261050,1000,65719,0.3955594160070177
mpd.slice.234000-234999.json,34340517,1000,68009,0.40706324999337085
mpd.slice.235000-235999.json,32605953,1000,64437,0.38718766599777155
mpd.slice.236000-236999.json,33052742,1000,65420,0.39220829200348817
mpd.slice.237000-237999.json,33722355,1000,66744,0.4034649170062039
mpd.slice.238000-238999.json,33469774,1000,66286,0.396663958003046
mpd.slice.239000-239999.json,33412566,1000,66099,0.3977511250122916
mpd.slice.24000-24999.json,33622565,1000,66582,0.39917587500531226
mpd.slice.240000-240999.json,35655005,1000,70539,0.42240399998263456
mpd.slice.241000-241999.json,32016245,1000,63308,0.3782698330178391
mpd.slice.242000-242999.json,33842062,1000,66967,0.40266362502006814
mpd.slice.243000-243999.json,35105678,1000,69444,0.4163324580003973
mpd.slice.244000-244999.json,34772642,1000,68854,0.4296884169743862
mpd.slice.245000-245999.json,33049981,1000,65330,0.41024695901433006
mpd.slice.246000-246999.json,32502401,1000,64318,0.39479162500356324
mpd.slice.247000-247999.json,32663974,1000,64591,0.39304545798222534
mpd.slice.248000-248999.json,32905520,1000,65068,0.3984722090244759
mpd.slice.249000-249999.json,33670005,1000,66709,0.41599891599616967
mpd.slice.25000-25999.json,34916772,1000,69140,0.42219854099676013
mpd.slice.250000-250999.json,33522898,1000,66339,0.3925627089920454
mpd.slice.251000-251999.json,32289422,1000,63858,0.3812076670001261
mpd.slice.252000-252999.json,33664435,1000,66573,0.39733579198946245
mpd.slice.253000-253999.json,33621415,1000,66456,0.3963205410109367
mpd.slice.254000-254999.json,32178336,1000,63605,0.38281933299731463
mpd.slice.255000-255999.json,32754251,1000,64773,0.383536917011952
mpd.slice.256000-256999.json,32540408,1000,64365,0.3906496659910772
mpd.slice.257000-257999.json,33211748,1000,65675,0.38997291697887704
mpd.slice.258000-258999.json,35306397,1000,69887,0.4171852089930326
mpd.slice.259000-259999.json,33847629,1000,67043,0.40376529199420474
mpd.slice.26000-26999.json,32951788,1000,65222,0.38349741700221784
mpd.slice.260000-260999.json,32363526,1000,63998,0.37403116599307396
mpd.slice.261000-261999.json,35128701,1000,69571,0.40354349999688566
mpd.slice.262000-262999.json,33047999,1000,65320,0.39817324999603443
mpd.slice.263000-263999.json,33924484,1000,67157,0.4086256250157021
mpd.slice.264000-264999.json,33596669,1000,66454,0.39369004202308133
mpd.slice.265000-265999.json,33725932,1000,66685,0.3977352080109995
mpd.slice.266000-266999.json,33175715,1000,65627,0.38310825001099147
mpd.slice.267000-267999.json,34332663,1000,67885,0.4088858340110164
mpd.slice.268000-268999.json,34837647,1000,68887,0.40898545799427666
mpd.slice.269000-269999.json,33134611,1000,65508,0.3805022499873303
mpd.slice.27000-27999.json,33541223,1000,66357,0.3899344159872271
mpd.slice.270000-270999.json,34229158,1000,67758,0.3952431249781512
mpd.slice.271000-271999.json,31888636,1000,63052,0.37213583302218467
mpd.slice.272000-272999.json,33132643,1000,65584,0.38356354198185727
mpd.slice.273000-273999.json,33520888,1000,66343,0.38662687499891035
mpd.slice.274000-274999.json,32796948,1000,64846,0.3791400420013815
mpd.slice.275000-275999.json,33275428,1000,65786,0.38519141598953865
mpd.slice.276000-276999.json,33562465,1000,66324,0.3898243330186233
mpd.slice.277000-277999.json,33614374,1000,66495,0.3905969590123277
mpd.slice.278000-278999.json,33706639,1000,66644,0.3889154999924358
mpd.slice.279000-279999.json,34252337,1000,67837,0.39710391699918546
mpd.slice.28000-28999.json,34538163,1000,68345,0.40048479102551937
mpd.slice.280000-280999.json,33716680,1000,66610,0.3909147089871112
mpd.slice.281000-281999.json,32646565,1000,64587,0.3756410829955712
mpd.slice.282000-282999.json,32649112,1000,64503,0.3746659579919651
mpd.slice.283000-283999.json,34187505,1000,67572,0.41168983301031403
mpd.slice.284000-284999.json,34630668,1000,68569,0.40018374999635853
mpd.slice.285000-285999.json,32814589,1000,64928,0.38217541700578295
mpd.slice.286000-286999.json,34583322,1000,68445,0.3996929580171127
mpd.slice.287000-287999.json,33068537,1000,65311,0.3791245419997722
mpd.slice.288000-288999.json,32837997,1000,64981,0.3771717910130974
mpd.slice.289000-289999.json,33552616,1000,66363,0.3891824590100441
mpd.slice.29000-29999.json,34212897,1000,67684,0.3948726670059841
mpd.slice.290000-290999.json,31194762,1000,61701,0.36145133298123255
mpd.slice.291000-291999.json,34107029,1000,67522,0.3967201669875067
mpd.slice.292000-292999.json,32938765,1000,65098,0.3790548339893576
mpd.slice.293000-293999.json,31808952,1000,62885,0.3688742079830263
mpd.slice.294000-294999.json,34760174,1000,68750,0.40689191699493676
mpd.slice.295000-295999.json,33843182,1000,67046,0.40086333302315325
mpd.slice.296000-296999.json,32361888,1000,63947,0.38838279101764783
mpd.slice.297000-297999.json,33873189,1000,67048,0.3968822500028182
mpd.slice.298000-298999.json,33160443,1000,65573,0.39617799999541603
mpd.slice.299000-299999.json,33448389,1000,66159,0.39503495799726807
mpd.slice.3000-3999.json,33619804,1000,66512,0.4122467080014758
mpd.slice.30000-30999.json,34984930,1000,69264,0.4148483749886509
mpd.slice.300000-300999.json,36166383,1000,71616,0.4258148329972755
mpd.slice.301000-301999.json,34029223,1000,67330,0.40416595799615607
mpd.slice.302000-302999.json,33818795,1000,66847,0.39843329100403935
mpd.slice.303000-303999.json,33304208,1000,65879,0.39197112500551157
mpd.slice.304000-304999.json,33596565,1000,66486,0.3992360410047695
mpd.slice.305000-305999.json,32670835,1000,64655,0.39087316699442454
mpd.slice.306000-306999.json,33783770,1000,66854,0.4053556250000838
mpd.slice.307000-307999.json,32662094,1000,64537,0.393215499992948
mpd.slice.308000-308999.json,34447537,1000,68176,0.3999244579754304
mpd.slice.309000-309999.json,32841450,1000,64946,0.3819352919817902
mpd.slice.31000-31999.json,32592365,1000,64391,0.3740303329832386
mpd.slice.310000-310999.json,31718930,1000,62688,0.36821987500297837
mpd.slice.311000-311999.json,33389053,1000,66047,0.38839229199220426
mpd.slice.312000-312999.json,33677507,1000,66578,0.39895775000331923
mpd.slice.313000-313999.json,32426157,1000,64116,0.38133816700428724
mpd.slice.314000-314999.json,33619653,1000,66514,0.39011908299289644
mpd.slice.315000-315999.json,33329540,1000,65880,0.40072170802159235
mpd.slice.316000-316999.json,31397635,1000,62071,0.36702199999126606
mpd.slice.317000-317999.json,33321846,1000,65931,0.3865381659998093
mpd.slice.318000-318999.json,34465921,1000,68206,0.4004332080075983
mpd.slice.319000-319999.json,34193923,1000,67691,0.39517100001103245
mpd.slice.32000-32999.json,34139867,1000,67548,0.3953455830051098
mpd.slice.320000-320999.json,33085631,1000,65492,0.38920187499024905
mpd.slice.321000-321999.json,31562671,1000,62358,0.3719827920140233
mpd.slice.322000-322999.json,32850961,1000,65039,0.39199091598857194
mpd.slice.323000-323999.json,33030336,1000,65413,0.39252666602260433
mpd.slice.324000-324999.json,33637680,1000,66540,0.3906486659834627
mpd.slice.325000-325999.json,33259778,1000,65747,0.4102884169842582
mpd.slice.326000-326999.json,32582997,1000,64421,0.3782302500039805
mpd.slice.327000-327999.json,33082463,1000,65402,0.38887216700823046
mpd.slice.328000-328999.json,33873472,1000,66997,0.393596375011839
mpd.slice.329000-329999.json,32149691,1000,63518,0.37068629200803116
mpd.slice.33000-33999.json,33939150,1000,67080,0.39304508300847374
mpd.slice.330000-330999.json,31609803,1000,62530,0.3649241249950137
mpd.slice.331000-331999.json,33828086,1000,66920,0.39909854202414863
mpd.slice.332000-332999.json,34313697,1000,67904,0.42928637500153854
mpd.slice.333000-333999.json,33633010,1000,66539,0.394309791008709
mpd.slice.334000-334999.json,33984358,1000,67278,0.42940845899283886
mpd.slice.335000-335999.json,34526904,1000,68357,0.4075844170001801
mpd.slice.336000-336999.json,33530155,1000,66378,0.38049387498176657
mpd.slice.337000-337999.json,33779669,1000,66809,0.37893429200630635
mpd.slice.338000-338999.json,32921511,1000,65104,0.3698040419840254
mpd.slice.339000-339999.json,32321399,1000,63964,0.3652076250000391
mpd.slice.34000-34999.json,33353255,1000,66008,0.37568437500158325
mpd.slice.340000-340999.json,32902011,1000,65056,0.3689346250030212
mpd.slice.341000-341999.json,31000704,1000,61163,0.3778018750017509
mpd.slice.342000-342999.json,34503826,1000,68333,0.4167351670039352
mpd.slice.343000-343999.json,33878752,1000,67041,0.3923962919798214
mpd.slice.344000-344999.json,32344281,1000,63979,0.42312320799101144
mpd.slice.345000-345999.json,32694996,1000,64618,0.3790170419961214
mpd.slice.346000-346999.json,34614408,1000,68504,0.4165108340093866
mpd.slice.347000-347999.json,33689468,1000,66611,0.3990525830013212
mpd.slice.348000-348999.json,34860769,1000,68918,0.4010777919902466
mpd.slice.349000-349999.json,33159421,1000,65567,0.3807763749791775
mpd.slice.35000-35999.json,33586250,1000,66511,0.40699212497565895
mpd.slice.350000-350999.json,34301275,1000,67911,0.38818591699237004
mpd.slice.351000-351999.json,33995552,1000,67167,0.4012418749916833
mpd.slice.352000-352999.json,33404092,1000,66052,0.416786374989897
mpd.slice.353000-353999.json,33477381,1000,66178,0.3907052080030553
mpd.slice.354000-354999.json,33800686,1000,66900,0.37906770801055245
mpd.slice.355000-355999.json,32963274,1000,65185,0.38200287500512786
mpd.slice.356000-356999.json,34335630,1000,67935,0.3876925829972606
mpd.slice.357000-357999.json,34554303,1000,68345,0.39499087500735186
mpd.slice.358000-358999.json,32932357,1000,65101,0.3884356249764096
mpd.slice.359000-359999.json,33864174,1000,67072,0.41164579198812135
mpd.slice.36000-36999.json,33139608,1000,65544,0.3786966250045225
mpd.slice.360000-360999.json,33795788,1000,66782,0.3782952500041574
mpd.slice.361000-361999.json,35430129,1000,70146,0.40206545899854973
mpd.slice.362000-362999.json,32846773,1000,64961,0.37013650001608767
mpd.slice.363000-363999.json,33563029,1000,66327,0.3771592499979306
mpd.slice.364000-364999.json,32425305,1000,64055,0.36396279200562276
mpd.slice.365000-365999.json,34146677,1000,67567,0.38593575000413693
mpd.slice.366000-366999.json,32722779,1000,64702,0.36774087499361485
mpd.slice.367000-367999.json,34529714,1000,68364,0.3890024999855086
mpd.slice.368000-368999.json,33187817,1000,65592,0.37443208301556297
mpd.slice.369000-369999.json,33938539,1000,67093,0.3805262079986278
mpd.slice.37000-37999.json,34185983,1000,67568,0.4316279159975238
mpd.slice.370000-370999.json,35398863,1000,70014,0.46048691699979827
mpd.slice.371000-371999.json,33036681,1000,65337,0.4279744999948889
mpd.slice.372000-372999.json,34400988,1000,68078,0.46124295800109394
mpd.slice.373000-373999.json,33771166,1000,66754,0.41740249999566004
mpd.slice.374000-374999.json,31787794,1000,62768,0.38409541701548733
mpd.slice.375000-375999.json,33166701,1000,65614,0.40320583299035206
mpd.slice.376000-376999.json,30477884,1000,60184,0.3586209590139333
mpd.slice.377000-377999.json,33870770,1000,67023,0.4175297500041779
mpd.slice.378000-378999.json,32578893,1000,64254,0.3873944159713574
mpd.slice.379000-379999.json,33603638,1000,66391,0.37798262501019053
mpd.slice.38000-38999.json,32075845,1000,63364,0.35792599999695085
mpd.slice.380000-380999.json,32570706,1000,64425,0.3893123340094462
mpd.slice.381000-381999.json,31485795,1000,62180,0.3850295420270413
mpd.slice.382000-382999.json,32557839,1000,64362,0.3740972090163268
mpd.slice.383000-383999.json,32031303,1000,63340,0.35898041698965244
mpd.slice.384000-384999.json,33362184,1000,66030,0.37263412500033155
mpd.slice.385000-385999.json,33298256,1000,65853,0.40346758300438523
mpd.slice.386000-386999.json,33697476,1000,66483,0.39904366701375693
mpd.slice.387000-387999.json,33343721,1000,65954,0.3866938329883851
mpd.slice.388000-388999.json,35266373,1000,69722,0.3983934999851044
mpd.slice.389000-389999.json,32014441,1000,63235,0.3575821249978617
mpd.slice.39000-39999.json,34015277,1000,67330,0.38240337499883026
mpd.slice.390000-390999.json,33905442,1000,67098,0.3799182499933522
mpd.slice.391000-391999.json,33229960,1000,65689,0.3762426250032149
mpd.slice.392000-392999.json,32592056,1000,64485,0.40018950001103804
mpd.slice.393000-393999.json,32521293,1000,64311,0.39545866698608734
mpd.slice.394000-394999.json,32805008,1000,64834,0.3961816670198459
mpd.slice.395000-395999.json,33437232,1000,66127,0.37682933401083574
mpd.slice.396000-396999.json,34320525,1000,67891,0.3830369590141345
mpd.slice.397000-397999.json,33252445,1000,65664,0.37439524999354035
mpd.slice.398000-398999.json,34177160,1000,67634,0.3834712919779122
mpd.slice.399000-399999.json,33390933,1000,66047,0.3743538749986328
mpd.slice.4000-4999.json,34399192,1000,68101,0.38719354197382927
mpd.slice.40000-40999.json,33294135,1000,65827,0.38120383297791705
mpd.slice.400000-400999.json,33897759,1000,67027,0.3930498750123661
mpd.slice.401000-401999.json,33639446,1000,66556,0.37753408300341107
mpd.slice.402000-402999.json,32226163,1000,63713,0.3601384999928996
mpd.slice.403000-403999.json,33044789,1000,65315,0.37196629200479947
mpd.slice.404000-404999.json,34532624,1000,68301,0.3875992090033833
mpd.slice.405000-405999.json,33010670,1000,65322,0.3720447499945294
mpd.slice.406000-406999.json,33790747,1000,66773,0.3803731660009362
mpd.slice.407000-407999.json,34613466,1000,68515,0.38646270902245305
mpd.slice.408000-408999.json,32493068,1000,64209,0.36375308298738673
mpd.slice.409000-409999.json,33479378,1000,66257,0.37451620801584795
mpd.slice.41000-41999.json,34108173,1000,67448,0.38141016601002775
mpd.slice.410000-410999.json,34144596,1000,67519,0.3839787089964375
mpd.slice.411000-411999.json,34035390,1000,67349,0.3818092090077698
mpd.slice.412000-412999.json,33214855,1000,65625,0.37147162499604747
mpd.slice.413000-413999.json,32834402,1000,64909,0.3690539159870241
mpd.slice.414000-414999.json,34847317,1000,68970,0.39731441700132564
mpd.slice.415000-415999.json,34221673,1000,67692,0.38252329200622626
mpd.slice.416000-416999.json,33385241,1000,65939,0.37528891701367684
mpd.slice.417000-417999.json,34380585,1000,68107,0.3864295000093989
mpd.slice.418000-418999.json,33365289,1000,66056,0.3826125409977976
mpd.slice.419000-419999.json,32030532,1000,63233,0.366265791002661
mpd.slice.42000-42999.json,34047880,1000,67382,0.38268404197879136
mpd.slice.420000-420999.json,33152102,1000,65553,0.3819636249972973
mpd.slice.421000-421999.json,32603613,1000,64380,0.7580292920174543
mpd.slice.422000-422999.json,34619949,1000,68523,0.5064251250005327
mpd.slice.423000-423999.json,33418744,1000,66117,0.526513040997088
mpd.slice.424000-424999.json,34009790,1000,67306,0.4503697500040289
mpd.slice.425000-425999.json,33906964,1000,67111,0.38384516700170934
mpd.slice.426000-426999.json,32780784,1000,64791,0.36828083300497383
mpd.slice.427000-427999.json,33661597,1000,66637,0.3838047919853125
mpd.slice.428000-428999.json,32449159,1000,64171,0.3654905419971328
mpd.slice.429000-429999.json,32926427,1000,65098,0.3695867909991648
mpd.slice.43000-43999.json,33970379,1000,67249,0.3854501669993624
mpd.slice.430000-430999.json,34266157,1000,67855,0.38569616700988263
mpd.slice.431000-431999.json,33081662,1000,65473,0.37302804199862294
mpd.slice.432000-432999.json,32901333,1000,65107,0.374467707995791
mpd.slice.433000-433999.json,34014090,1000,67309,0.38202175000333227
mpd.slice.434000-434999.json,32675370,1000,64639,0.3650907920091413
mpd.slice.435000-435999.json,33428308,1000,66139,0.3800853749853559
mpd.slice.436000-436999.json,32130929,1000,63481,0.3603344169969205
mpd.slice.437000-437999.json,34407583,1000,68005,0.3838095409737434
mpd.slice.438000-438999.json,33380094,1000,66053,0.3745177499949932
mpd.slice.439000-439999.json,34897016,1000,68989,0.39312787499511614
mpd.slice.44000-44999.json,34815918,1000,68859,0.3915278750064317
mpd.slice.440000-440999.json,32074813,1000,63414,0.36027749997447245
mpd.slice.441000-441999.json,32990045,1000,65294,0.37097191700013354
mpd.slice.442000-442999.json,33412116,1000,66028,0.3777712910086848
mpd.slice.443000-443999.json,33008588,1000,65301,0.3729368750064168
mpd.slice.444000-444999.json,33410075,1000,66026,0.37519595798221417
mpd.slice.445000-445999.json,32785635,1000,64917,0.36949404201004654
mpd.slice.446000-446999.json,33614798,1000,66490,0.37615866601117887
mpd.slice.447000-447999.json,32703148,1000,64711,0.3666362499934621
mpd.slice.448000-448999.json,33821806,1000,66990,0.37939866600208916
mpd.slice.449000-449999.json,32718170,1000,64754,0.3665203330165241
mpd.slice.45000-45999.json,35379284,1000,69995,0.39563000001362525
mpd.slice.450000-450999.json,31952697,1000,63151,0.3561145419953391
mpd.slice.451000-451999.json,33256209,1000,65701,0.37397387498640455
mpd.slice.452000-452999.json,33215434,1000,65655,0.3738957500027027
mpd.slice.453000-453999.json,32576638,1000,64421,0.36458708401187323
mpd.slice.454000-454999.json,32908341,1000,65125,0.36962545799906366
mpd.slice.455000-455999.json,33757243,1000,66708,0.3785981250111945
mpd.slice.456000-456999.json,31888107,1000,63052,0.3561909160052892
mpd.slice.457000-457999.json,32791821,1000,64983,0.3701235420012381
mpd.slice.458000-458999.json,33747639,1000,66819,0.3756010420038365
mpd.slice.459000-459999.json,32891178,1000,64999,0.3671309170022141
mpd.slice.46000-46999.json,32902489,1000,65045,0.3686499590112362
mpd.slice.460000-460999.json,33929636,1000,67055,0.4186826669902075
mpd.slice.461000-461999.json,34670204,1000,68643,0.43997479099198245
mpd.slice.462000-462999.json,32807798,1000,64907,0.4446292499778792
mpd.slice.463000-463999.json,34460750,1000,68158,0.4547364999889396
mpd.slice.464000-464999.json,34714305,1000,68653,0.43155708399717696
mpd.slice.465000-465999.json,33317356,1000,65899,0.3740542920131702
mpd.slice.466000-466999.json,34840434,1000,68996,0.3919938750041183
mpd.slice.467000-467999.json,32938073,1000,65172,0.38273024998488836
mpd.slice.468000-468999.json,35156574,1000,69619,0.3931692079931963
mpd.slice.469000-469999.json,32937359,1000,65114,0.36757883298560046
mpd.slice.47000-47999.json,33900174,1000,67065,0.3779760829929728
mpd.slice.470000-470999.json,34249420,1000,67762,0.38421358398045413
mpd.slice.471000-471999.json,33373873,1000,65997,0.3765992079861462
mpd.slice.472000-472999.json,32961011,1000,65231,0.37119624999468215
mpd.slice.473000-473999.json,34148668,1000,67476,0.4181727089744527
mpd.slice.474000-474999.json,32631085,1000,64541,0.4625732499989681
mpd.slice.475000-475999.json,34393284,1000,68019,0.4073779170284979
mpd.slice.476000-476999.json,32706998,1000,64637,0.37352445800206624
mpd.slice.477000-477999.json,33655428,1000,66506,0.3893932499922812
mpd.slice.478000-478999.json,34067047,1000,67341,0.39504183299141005
mpd.slice.479000-479999.json,31811361,1000,62904,0.35899887498817407
mpd.slice.48000-48999.json,33969860,1000,67205,0.3823116249986924
mpd.slice.480000-480999.json,32685678,1000,64589,0.3692968329996802
mpd.slice.481000-481999.json,32592498,1000,64386,0.3642316669865977
mpd.slice.482000-482999.json,34110546,1000,67370,0.3931188750138972
mpd.slice.483000-483999.json,33350860,1000,65922,0.3767344580264762
mpd.slice.484000-484999.json,34062525,1000,67359,0.3840790829854086
mpd.slice.485000-485999.json,33379706,1000,66036,0.37488920902251266
mpd.slice.486000-486999.json,34380971,1000,68072,0.38638716700370423
mpd.slice.487000-487999.json,33856226,1000,67019,0.38810283300699666
mpd.slice.488000-488999.json,33225363,1000,65743,0.37775520799914375
mpd.slice.489000-489999.json,34372204,1000,67992,0.38689941697521135
mpd.slice.49000-49999.json,33846620,1000,66948,0.38110462500480935
mpd.slice.490000-490999.json,34023037,1000,67311,0.3819938749948051
mpd.slice.491000-491999.json,33337139,1000,65996,0.3749599160219077
mpd.slice.492000-492999.json,33721123,1000,66699,0.38279449997935444
mpd.slice.493000-493999.json,34103619,1000,67447,0.38234883299446665
mpd.slice.494000-494999.json,33287374,1000,65887,0.37305545801064
mpd.slice.495000-495999.json,33810224,1000,66886,0.3786106670158915
mpd.slice.496000-496999.json,33568414,1000,66489,0.37420070901862346
mpd.slice.497000-497999.json,34491626,1000,68230,0.38971429198863916
mpd.slice.498000-498999.json,32455692,1000,64159,0.36592250000103377
mpd.slice.499000-499999.json,33469841,1000,66234,0.3755911659973208
mpd.slice.5000-5999.json,34105688,1000,67529,0.38358783299918287
mpd.slice.50000-50999.json,32922422,1000,65086,0.3680888329981826
mpd.slice.500000-500999.json,32826687,1000,64868,0.37028529099188745
mpd.slice.501000-501999.json,33286659,1000,65840,0.3791423750226386
mpd.slice.502000-502999.json,33074304,1000,65337,0.3693813330028206
mpd.slice.503000-503999.json,33306030,1000,65927,0.38430825000978075
mpd.slice.504000-504999.json,33797834,1000,66811,0.3892817919841036
mpd.slice.505000-505999.json,32407962,1000,64085,0.3651014170027338
mpd.slice.506000-506999.json,33992430,1000,67223,0.3821504579973407
mpd.slice.507000-507999.json,31814485,1000,62903,0.3577140420093201
mpd.slice.508000-508999.json,32433262,1000,64109,0.3668330409855116
mpd.slice.509000-509999.json,35062110,1000,69407,0.3949247499986086
mpd.slice.51000-51999.json,34916312,1000,69119,0.393261999997776
mpd.slice.510000-510999.json,32153479,1000,63550,0.360952583985636
mpd.slice.511000-511999.json,32789194,1000,64875,0.3682217909954488
mpd.slice.512000-512999.json,32836275,1000,64927,0.3697340410144534
mpd.slice.513000-513999.json,33108409,1000,65551,0.7381446250074077
mpd.slice.514000-514999.json,33585111,1000,66425,0.5391801250225399
mpd.slice.515000-515999.json,32313730,1000,63778,0.483365624997532
mpd.slice.516000-516999.json,31314447,1000,61890,0.44218241699854843
mpd.slice.517000-517999.json,32886001,1000,65046,0.39155316702090204
mpd.slice.518000-518999.json,33377485,1000,66014,0.39703141700010747
mpd.slice.519000-519999.json,33198469,1000,65663,0.3997713749995455
mpd.slice.52000-52999.json,33190282,1000,65592,0.3981300419836771
mpd.slice.520000-520999.json,32241261,1000,63712,0.39340691702091135
mpd.slice.521000-521999.json,33508480,1000,66289,0.4157482919981703
mpd.slice.522000-522999.json,34481220,1000,68236,0.4134272919909563
mpd.slice.523000-523999.json,32225424,1000,63772,0.5495426659763325
mpd.slice.524000-524999.json,34812229,1000,68876,0.48608050000621006
mpd.slice.525000-525999.json,32763170,1000,64720,0.3990553340117913
mpd.slice.526000-526999.json,33481873,1000,66153,0.398928334005177
mpd.slice.527000-527999.json,33529609,1000,66334,0.4014946249953937
mpd.slice.528000-528999.json,32535384,1000,64334,0.3959678750252351
mpd.slice.529000-529999.json,32581678,1000,64431,0.39726837500347756
mpd.slice.53000-53999.json,32798501,1000,64845,0.40354900000966154
mpd.slice.530000-530999.json,32048003,1000,63402,0.4019061670114752
mpd.slice.531000-531999.json,32611101,1000,64483,0.4063325420138426
mpd.slice.532000-532999.json,32633822,1000,64502,0.37992716702865437
mpd.slice.533000-533999.json,32392119,1000,64007,0.37186450001900084
mpd.slice.534000-534999.json,32541366,1000,64345,0.37873220900655724
mpd.slice.535000-535999.json,34169187,1000,67598,0.39671800000360236
mpd.slice.536000-536999.json,32939808,1000,65154,0.38898570800665766
mpd.slice.537000-537999.json,32786318,1000,64838,0.39240099999005906
mpd.slice.538000-538999.json,33821816,1000,66907,0.41024079101043753
mpd.slice.539000-539999.json,33604000,1000,66489,0.39348904200596735
mpd.slice.54000-54999.json,33289808,1000,65803,0.39605945799848996
mpd.slice.540000-540999.json,33084236,1000,65422,0.38911658301367424
mpd.slice.541000-541999.json,32131094,1000,63543,0.3837074159819167
mpd.slice.542000-542999.json,33663582,1000,66589,0.4031238750030752
mpd.slice.543000-543999.json,32633778,1000,64490,0.3967604589997791
mpd.slice.544000-544999.json,32771422,1000,64836,0.3950736249971669
mpd.slice.545000-545999.json,34267000,1000,67698,0.4160272910085041
mpd.slice.546000-546999.json,33910010,1000,67046,0.43204954100656323
mpd.slice.547000-547999.json,34957529,1000,69093,0.528179207991343
mpd.slice.548000-548999.json,32430976,1000,64156,0.4677272920089308
mpd.slice.549000-549999.json,34716470,1000,68689,0.44877508401987143
mpd.slice.55000-55999.json,34012375,1000,67287,0.43249712500255555
mpd.slice.550000-550999.json,33698579,1000,66719,0.42773150000721216
mpd.slice.551000-551999.json,33281836,1000,65805,0.4115942909847945
mpd.slice.552000-552999.json,32275919,1000,63790,0.40447549999225885
mpd.slice.553000-553999.json,32853229,1000,65025,0.40549433400155976
mpd.slice.554000-554999.json,33742443,1000,66663,0.4124259579984937
mpd.slice.555000-555999.json,34593973,1000,68496,0.4157677080074791
mpd.slice.556000-556999.json,33481810,1000,66193,0.4062687089899555
mpd.slice.557000-557999.json,32694100,1000,64625,0.3817541250027716
mpd.slice.558000-558999.json,34663406,1000,68555,0.39848291702219285
mpd.slice.559000-559999.json,33279106,1000,65763,0.4067355840234086
mpd.slice.56000-56999.json,33901070,1000,67014,0.4152675409859512
mpd.slice.560000-560999.json,32466539,1000,64225,0.3935498339997139
mpd.slice.561000-561999.json,32385058,1000,64029,0.372522082994692
mpd.slice.562000-562999.json,33811620,1000,66960,0.41772408300312236
mpd.slice.563000-563999.json,34865410,1000,68937,0.4254495000059251
mpd.slice.564000-564999.json,33350619,1000,65985,0.3906368749740068
mpd.slice.565000-565999.json,33630007,1000,66463,0.41089679099968635
mpd.slice.566000-566999.json,33186857,1000,65678,0.3990815410215873
mpd.slice.567000-567999.json,31854459,1000,62963,0.38788845800445415
mpd.slice.568000-568999.json,32034074,1000,63321,0.38662391700199805
mpd.slice.569000-569999.json,33163995,1000,65568,0.40594554200652055
mpd.slice.57000-57999.json,34205001,1000,67718,0.42437554098432884
mpd.slice.570000-570999.json,34165423,1000,67613,0.4134652909997385
mpd.slice.571000-571999.json,33457065,1000,66190,0.40224591598962434
mpd.slice.572000-572999.json,33135491,1000,65570,0.38956779101863503
mpd.slice.573000-573999.json,35641443,1000,70600,0.4115480420005042
mpd.slice.574000-574999.json,33140134,1000,65606,0.38756237502093427
mpd.slice.575000-575999.json,31676437,1000,62631,0.38489512499654666
mpd.slice.576000-576999.json,32745296,1000,64724,0.39206924999598414
mpd.slice.577000-577999.json,32843186,1000,64954,0.3868927500152495
mpd.slice.578000-578999.json,31745684,1000,62773,0.36380062499665655
mpd.slice.579000-579999.json,32876743,1000,65032,0.38003137498162687
mpd.slice.58000-58999.json,34672895,1000,68667,0.39714987500337884
mpd.slice.580000-580999.json,33149917,1000,65597,0.3979729159909766
mpd.slice.581000-581999.json,34111001,1000,67499,0.3945571249932982
mpd.slice.582000-582999.json,33589828,1000,66369,0.39228166700922884
mpd.slice.583000-583999.json,34058283,1000,67391,0.4071139169973321
mpd.slice.584000-584999.json,32780929,1000,64790,0.3742914999893401
mpd.slice.585000-585999.json,34511615,1000,68334,0.39538320899009705
mpd.slice.586000-586999.json,33621664,1000,66513,0.39086549999774434
mpd.slice.587000-587999.json,33282482,1000,65762,0.38566854197415523
mpd.slice.588000-588999.json,32305312,1000,63793,0.37170658298418857
mpd.slice.589000-589999.json,32426301,1000,64156,0.3814027089974843
mpd.slice.59000-59999.json,33846392,1000,67049,0.39532408298691735
mpd.slice.590000-590999.json,33434072,1000,66174,0.3859417920175474
mpd.slice.591000-591999.json,34087114,1000,67425,0.3930602920008823
mpd.slice.592000-592999.json,33938549,1000,67171,0.3897227080015
mpd.slice.593000-593999.json,33356454,1000,66029,0.3831861249927897
mpd.slice.594000-594999.json,34416979,1000,68132,0.396440167009132
mpd.slice.595000-595999.json,34295292,1000,67831,0.39438933299970813
mpd.slice.596000-596999.json,32175861,1000,63677,0.37988383299671113
mpd.slice.597000-597999.json,33470022,1000,66272,0.39870262501062825
mpd.slice.598000-598999.json,33985364,1000,67253,0.3929345830110833
mpd.slice.599000-599999.json,31622960,1000,62595,0.6002274999918882
mpd.slice.6000-6999.json,33267176,1000,65742,0.5781688749848399
mpd.slice.60000-60999.json,34257754,1000,67834,0.43475104100070894
mpd.slice.600000-600999.json,33038934,1000,65373,0.3800721669977065
mpd.slice.601000-601999.json,34913025,1000,69108,0.40071650000754744
mpd.slice.602000-602999.json,32044415,1000,63425,0.3932759169838391
mpd.slice.603000-603999.json,32387797,1000,64012,0.379067625006428
mpd.slice.604000-604999.json,34375906,1000,68056,0.4004267909913324
mpd.slice.605000-605999.json,32579500,1000,64457,0.3786854999780189
mpd.slice.606000-606999.json,33151681,1000,65549,0.3928256670187693
mpd.slice.607000-607999.json,31382610,1000,62135,0.42177966600866057
mpd.slice.608000-608999.json,33116345,1000,65542,0.40927354199811816
mpd.slice.609000-609999.json,35555450,1000,70325,0.41105695799342357
mpd.slice.61000-61999.json,33382786,1000,66036,0.3784087499952875
mpd.slice.610000-610999.json,33059881,1000,65395,0.3740777080238331
mpd.slice.611000-611999.json,33487403,1000,66322,0.3839009170187637
mpd.slice.612000-612999.json,32734860,1000,64736,0.37545374999172054
mpd.slice.613000-613999.json,33987533,1000,67265,0.384793625009479
mpd.slice.614000-614999.json,33188415,1000,65752,0.3754664580046665
mpd.slice.615000-615999.json,34125035,1000,67564,0.3829549160145689
mpd.slice.616000-616999.json,33847790,1000,67069,0.38299587499932386
mpd.slice.617000-617999.json,33148878,1000,65544,0.37598120799520984
mpd.slice.618000-618999.json,33217561,1000,65723,0.3751022499927785
mpd.slice.619000-619999.json,33282766,1000,65848,0.38228916699881665
mpd.slice.62000-62999.json,33705470,1000,66698,0.38202729099430144
mpd.slice.620000-620999.json,33568504,1000,66263,0.37769724999088794
mpd.slice.621000-621999.json,34060374,1000,67365,0.38923112498014234
mpd.slice.622000-622999.json,33115510,1000,65589,0.37451974998111837
mpd.slice.623000-623999.json,34099183,1000,67438,0.38394324999535456
mpd.slice.624000-624999.json,32810379,1000,64855,0.3703582090092823
mpd.slice.625000-625999.json,33224229,1000,65615,0.3780805419955868
mpd.slice.626000-626999.json,34030996,1000,67348,0.3936994170071557
mpd.slice.627000-627999.json,32433412,1000,64158,0.36583249998511747
mpd.slice.628000-628999.json,33157484,1000,65595,0.3717622499971185
mpd.slice.629000-629999.json,32067180,1000,63409,0.3651700000045821
mpd.slice.63000-63999.json,34008539,1000,67377,0.3820369169989135
mpd.slice.630000-630999.json,33198055,1000,65700,0.3832073330122512
mpd.slice.631000-631999.json,31691048,1000,62655,0.3731580000021495
mpd.slice.632000-632999.json,34095054,1000,67505,0.40712933300528675
mpd.slice.633000-633999.json,33280895,1000,65815,0.40011612497619353
mpd.slice.634000-634999.json,33542870,1000,66326,0.38374341698363423
mpd.slice.635000-635999.json,32183046,1000,63699,0.36693000001832843
mpd.slice.636000-636999.json,32463545,1000,64197,0.38726820799638517
mpd.slice.637000-637999.json,31865882,1000,63012,0.447210583020933
mpd.slice.638000-638999.json,32765818,1000,64918,0.3941239590058103
mpd.slice.639000-639999.json,33488737,1000,66321,0.4343374170130119
mpd.slice.64000-64999.json,33107407,1000,65520,0.4108280000218656
mpd.slice.640000-640999.json,33447372,1000,66117,0.39764787498279475
mpd.slice.641000-641999.json,32651138,1000,64555,0.3665262919967063
mpd.slice.642000-642999.json,33199701,1000,65744,0.3738545840024017
mpd.slice.643000-643999.json,34043426,1000,67461,0.43386429199017584
mpd.slice.644000-644999.json,32654766,1000,64689,1.0435245000116993
mpd.slice.645000-645999.json,34219429,1000,67727,0.6182072500232607
mpd.slice.646000-646999.json,33739733,1000,66809,0.48812037499737926
mpd.slice.647000-647999.json,33586519,1000,66429,0.4110819170018658
mpd.slice.648000-648999.json,33754225,1000,66731,0.4082042500085663
mpd.slice.649000-649999.json,32860341,1000,65014,0.39616387500427663
mpd.slice.65000-65999.json,34035690,1000,67306,0.40867324999999255
mpd.slice.650000-650999.json,33629305,1000,66499,0.3853073329955805
mpd.slice.651000-651999.json,33301617,1000,65940,0.39297166699543595
mpd.slice.652000-652999.json,32158670,1000,63580,0.37231466700905
mpd.slice.653000-653999.json,33639633,1000,66533,0.3887722919753287
mpd.slice.654000-654999.json,32416752,1000,64150,0.39023379201535136
mpd.slice.655000-655999.json,34800621,1000,68941,0.4023461659962777
mpd.slice.656000-656999.json,34264861,1000,67816,0.3988835830241442
mpd.slice.657000-657999.json,32125189,1000,63577,0.38684991700574756
mpd.slice.658000-658999.json,34120706,1000,67440,0.40734933299245313
mpd.slice.659000-659999.json,34861916,1000,68941,0.40624079198460095
mpd.slice.66000-66999.json,33249948,1000,65762,0.3804417499923147
mpd.slice.660000-660999.json,33084006,1000,65430,0.389476290991297
mpd.slice.661000-661999.json,34699410,1000,68615,0.3997694170102477
mpd.slice.662000-662999.json,33922863,1000,67138,0.3925402090244461
mpd.slice.663000-663999.json,32119502,1000,63574,0.3697177090216428
mpd.slice.664000-664999.json,33906858,1000,67044,0.38895166700240225
mpd.slice.665000-665999.json,33079922,1000,65506,0.3806162080145441
mpd.slice.666000-666999.json,34135897,1000,67527,0.39689979198738
mpd.slice.667000-667999.json,33514861,1000,66363,0.3895836250158027
mpd.slice.668000-668999.json,34304672,1000,67960,0.39965862498502247
mpd.slice.669000-669999.json,33841829,1000,67021,0.3877255829866044
mpd.slice.67000-67999.json,32661448,1000,64598,0.37464416699367575
mpd.slice.670000-670999.json,33395922,1000,66081,0.38346241699764505
mpd.slice.671000-671999.json,34367420,1000,68018,0.39633258400135674
mpd.slice.672000-672999.json,32853743,1000,65001,0.3893819169898052
mpd.slice.673000-673999.json,33612399,1000,66530,0.3869757920037955
mpd.slice.674000-674999.json,33678614,1000,66672,0.3879986670217477
mpd.slice.675000-675999.json,35632444,1000,70621,0.40928066600463353
mpd.slice.676000-676999.json,32494000,1000,64300,0.37241829102276824
mpd.slice.677000-677999.json,33838833,1000,66940,0.3890451669867616
mpd.slice.678000-678999.json,34254353,1000,67775,0.3903692919993773
mpd.slice.679000-679999.json,35024729,1000,69294,0.4008524589880835
mpd.slice.68000-68999.json,35215157,1000,69603,0.40733079201891087
mpd.slice.680000-680999.json,35879535,1000,70972,0.4136104589852039
mpd.slice.681000-681999.json,33952111,1000,67211,0.3941181249974761
mpd.slice.682000-682999.json,34255654,1000,67819,0.3932159579999279
mpd.slice.683000-683999.json,34342674,1000,67975,0.3938009580015205
mpd.slice.684000-684999.json,34058302,1000,67379,0.39563637500396
mpd.slice.685000-685999.json,35451355,1000,70142,0.40738366698496975
mpd.slice.686000-686999.json,34076950,1000,67407,0.3927510420035105
mpd.slice.687000-687999.json,33270485,1000,65875,0.38424049998866394
mpd.slice.688000-688999.json,33198676,1000,65670,0.3792128750064876
mpd.slice.689000-689999.json,33691049,1000,66665,0.4025925829773769
mpd.slice.69000-69999.json,34854142,1000,68967,0.40139516699127853
mpd.slice.690000-690999.json,32946938,1000,65228,0.3797920829965733
mpd.slice.691000-691999.json,33626953,1000,66593,0.38359458299237303
mpd.slice.692000-692999.json,34325217,1000,67894,0.3926098750089295
mpd.slice.693000-693999.json,34048105,1000,67359,0.3904862079943996
mpd.slice.694000-694999.json,32718801,1000,64721,0.3752434590132907
mpd.slice.695000-695999.json,33472186,1000,66230,0.3833604159881361
mpd.slice.696000-696999.json,33996606,1000,67265,0.3904087499831803
mpd.slice.697000-697999.json,32877090,1000,65018,0.3736691659723874
mpd.slice.698000-698999.json,34186070,1000,67678,0.40213812500587665
mpd.slice.699000-699999.json,33402901,1000,65975,0.3815792910172604
mpd.slice.7000-7999.json,34156834,1000,67614,0.39420695800799876
mpd.slice.70000-70999.json,32776832,1000,64861,0.3778774170204997
mpd.slice.700000-700999.json,33457895,1000,66158,0.38875020801788196
mpd.slice.701000-701999.json,34327236,1000,68047,0.40864512498956174
mpd.slice.702000-702999.json,34136307,1000,67509,0.4012592919752933
mpd.slice.703000-703999.json,33138263,1000,65574,0.39545520799583755
mpd.slice.704000-704999.json,33890762,1000,67031,0.39517654199153185
mpd.slice.705000-705999.json,33961976,1000,67218,0.3948573329835199
mpd.slice.706000-706999.json,33870885,1000,66997,0.3942139160062652
mpd.slice.707000-707999.json,33571994,1000,66400,0.38605966698378325
mpd.slice.708000-708999.json,33366695,1000,66025,0.39408483399893157
mpd.slice.709000-709999.json,33265997,1000,65825,0.3854099999880418
mpd.slice.71000-71999.json,32826272,1000,64928,0.3889382079942152
mpd.slice.710000-710999.json,32411514,1000,64032,0.3744812500081025
mpd.slice.711000-711999.json,34081930,1000,67455,0.3968867920048069
mpd.slice.712000-712999.json,33534241,1000,66318,0.38609066599747166
mpd.slice.713000-713999.json,34117191,1000,67564,0.4260204580205027
mpd.slice.714000-714999.json,31982039,1000,63246,0.38681399999768473
mpd.slice.715000-715999.json,32640158,1000,64597,0.37955366700771265
mpd.slice.716000-716999.json,34507574,1000,68292,0.3926652089867275
mpd.slice.717000-717999.json,33595499,1000,66499,0.3812002089980524
mpd.slice.718000-718999.json,33222903,1000,65697,0.37591787497512996
mpd.slice.719000-719999.json,32529732,1000,64409,0.36598512501223013
mpd.slice.72000-72999.json,34897553,1000,69057,0.391691416996764
mpd.slice.720000-720999.json,33678521,1000,66643,0.3939488329924643
mpd.slice.721000-721999.json,32977492,1000,65174,0.534482167015085
mpd.slice.722000-722999.json,33546078,1000,66314,0.40184683399274945
mpd.slice.723000-723999.json,34125675,1000,67620,0.41374970800825395
mpd.slice.724000-724999.json,33533532,1000,66337,0.3915879169944674
mpd.slice.725000-725999.json,35002256,1000,69265,0.4138273330172524
mpd.slice.726000-726999.json,34973524,1000,69170,0.4149112500017509
mpd.slice.727000-727999.json,33770956,1000,66785,0.39448487502522767
mpd.slice.728000-728999.json,34070581,1000,67505,0.3917218749993481
mpd.slice.729000-729999.json,32379482,1000,64068,0.37145320800482295
mpd.slice.73000-73999.json,32643358,1000,64545,0.38097416699747555
mpd.slice.730000-730999.json,34309335,1000,67892,0.39784816597239114
mpd.slice.731000-731999.json,33953434,1000,67109,0.4089124169840943
mpd.slice.732000-732999.json,34163160,1000,67631,0.4572227080061566
mpd.slice.733000-733999.json,34163906,1000,67602,0.4118538750044536
mpd.slice.734000-734999.json,34835292,1000,68938,0.4045339580043219
mpd.slice.735000-735999.json,33719027,1000,66643,0.38998974999412894
mpd.slice.736000-736999.json,34111204,1000,67406,0.3947447919927072
mpd.slice.737000-737999.json,33439200,1000,66144,0.38953229199978523
mpd.slice.738000-738999.json,34296297,1000,67918,0.39737362498999573
mpd.slice.739000-739999.json,34735585,1000,68720,0.40045358301722445
mpd.slice.74000-74999.json,35183818,1000,69681,0.40547254198463634
mpd.slice.740000-740999.json,33698422,1000,66606,0.38929299998562783
mpd.slice.741000-741999.json,33979448,1000,67273,0.39228058300795965
mpd.slice.742000-742999.json,33142956,1000,65502,0.3831869999994524
mpd.slice.743000-743999.json,33663265,1000,66615,0.39237370900809765
mpd.slice.744000-744999.json,33230743,1000,65750,0.38325333400280215
mpd.slice.745000-745999.json,33758664,1000,66761,0.38954345797537826
mpd.slice.746000-746999.json,33301377,1000,65870,0.3813347500108648
mpd.slice.747000-747999.json,34541100,1000,68413,0.39887154099415056
mpd.slice.748000-748999.json,33234465,1000,65773,0.3922051249828655
mpd.slice.749000-749999.json,33611253,1000,66470,0.38711741598672234
mpd.slice.75000-75999.json,34203012,1000,67661,0.39400179201038554
mpd.slice.750000-750999.json,33104516,1000,65510,0.3792490829946473
mpd.slice.751000-751999.json,34306427,1000,67845,0.39171233400702477
mpd.slice.752000-752999.json,34180235,1000,67654,0.39473370800260454
mpd.slice.753000-753999.json,34539179,1000,68403,0.39813795799273066
mpd.slice.754000-754999.json,32762731,1000,64828,0.37764508300460875
mpd.slice.755000-755999.json,33823887,1000,66874,0.3897963330091443
mpd.slice.756000-756999.json,33570673,1000,66286,0.3916602499957662
mpd.slice.757000-757999.json,31667027,1000,62608,0.37168808397836983
mpd.slice.758000-758999.json,34319292,1000,67992,0.4031381669919938
mpd.slice.759000-759999.json,35477606,1000,70149,0.42017991701141
mpd.slice.76000-76999.json,35116264,1000,69502,0.4128458749910351
mpd.slice.760000-760999.json,33487579,1000,66229,0.3946563340141438
mpd.slice.761000-761999.json,33509600,1000,66338,0.3926054170005955
mpd.slice.762000-762999.json,32863957,1000,65037,0.3895730829972308
mpd.slice.763000-763999.json,33905545,1000,67051,0.3999017919995822
mpd.slice.764000-764999.json,33622552,1000,66563,0.3949170419946313
mpd.slice.765000-765999.json,32783550,1000,64850,0.39386554100201465
mpd.slice.766000-766999.json,34066740,1000,67290,0.4005899999756366
mpd.slice.767000-767999.json,36020796,1000,71257,0.4194371660123579
mpd.slice.768000-768999.json,32499781,1000,64318,0.37569837499177083
mpd.slice.769000-769999.json,33847344,1000,66981,0.39010145800421014
mpd.slice.77000-77999.json,34299814,1000,67793,0.3979794579790905
mpd.slice.770000-770999.json,33025631,1000,65372,0.38019541700487025
mpd.slice.771000-771999.json,34830936,1000,69023,0.3990709999925457
mpd.slice.772000-772999.json,33250480,1000,65863,0.3813601660076529
mpd.slice.773000-773999.json,33216408,1000,65749,0.3810292500129435
mpd.slice.774000-774999.json,32894849,1000,65119,0.3766296669782605
mpd.slice.775000-775999.json,34517940,1000,68401,0.3961718750069849
mpd.slice.776000-776999.json,33892950,1000,66941,0.38682183300261386
mpd.slice.777000-777999.json,33592821,1000,66445,0.3878199579776265
mpd.slice.778000-778999.json,33425922,1000,66114,0.3869865419983398
mpd.slice.779000-779999.json,33890580,1000,67051,0.3937361249991227
mpd.slice.78000-78999.json,33656298,1000,66646,0.402292791986838
mpd.slice.780000-780999.json,33282548,1000,65866,0.3970801249961369
mpd.slice.781000-781999.json,33190322,1000,65633,0.39294208300998434
mpd.slice.782000-782999.json,33991655,1000,67289,0.42233537501306273
mpd.slice.783000-783999.json,33413287,1000,66078,0.391889499995159
mpd.slice.784000-784999.json,34281080,1000,67747,0.4015918329823762
mpd.slice.785000-785999.json,33888114,1000,66991,0.4086315000022296
mpd.slice.786000-786999.json,34177384,1000,67614,0.41540145900216885
mpd.slice.787000-787999.json,33118019,1000,65535,0.4026466250070371
mpd.slice.788000-788999.json,33070146,1000,65386,0.387786250008503
mpd.slice.789000-789999.json,34794076,1000,68909,0.41225120800663717
mpd.slice.79000-79999.json,32855015,1000,64969,0.409986459009815
mpd.slice.790000-790999.json,33295340,1000,65873,0.41328937499201857
mpd.slice.791000-791999.json,33652844,1000,66561,0.38707341597182676
mpd.slice.792000-792999.json,32987645,1000,65209,0.3804802499944344
mpd.slice.793000-793999.json,33171852,1000,65613,0.3749771669972688
mpd.slice.794000-794999.json,32584874,1000,64410,0.3887909160112031
mpd.slice.795000-795999.json,33885748,1000,67032,0.3966532080085017
mpd.slice.796000-796999.json,33006261,1000,65315,0.3733463329845108
mpd.slice.797000-797999.json,33145262,1000,65602,0.37179204099811614
mpd.slice.798000-798999.json,34988968,1000,69305,0.39216162500088103
mpd.slice.799000-799999.json,34379116,1000,67980,0.391233625006862
mpd.slice.8000-8999.json,33367137,1000,66048,0.37484633398707956
mpd.slice.80000-80999.json,32642695,1000,64669,0.3670510420051869
mpd.slice.800000-800999.json,33548187,1000,66400,0.3770770829869434
mpd.slice.801000-801999.json,33062187,1000,65351,0.37248099999851547
mpd.slice.802000-802999.json,33582682,1000,66433,0.5139117079961579
mpd.slice.803000-803999.json,33959675,1000,67249,0.5645540839759633
mpd.slice.804000-804999.json,33676795,1000,66661,0.39035208398126997
mpd.slice.805000-805999.json,34033433,1000,67295,0.4212401249969844
mpd.slice.806000-806999.json,33978143,1000,67248,0.3976788330182899
mpd.slice.807000-807999.json,34998621,1000,69292,0.4135681669868063
mpd.slice.808000-808999.json,34784237,1000,68792,0.40588062501046807
mpd.slice.809000-809999.json,34203280,1000,67693,0.4285510830231942
mpd.slice.81000-81999.json,32747037,1000,64756,0.3922945410013199
mpd.slice.810000-810999.json,33422144,1000,66139,0.39111158400191925
mpd.slice.811000-811999.json,33538216,1000,66371,0.44919083299464546
mpd.slice.812000-812999.json,34541491,1000,68320,0.40782041699276306
mpd.slice.813000-813999.json,33064922,1000,65369,0.3812476250168402
mpd.slice.814000-814999.json,35198436,1000,69631,0.43343229198944755
mpd.slice.815000-815999.json,32719912,1000,64659,0.39692495798226446
mpd.slice.816000-816999.json,34787161,1000,68878,0.41341716700117104
mpd.slice.817000-817999.json,33138831,1000,65502,0.37553799999295734
mpd.slice.818000-818999.json,32377333,1000,64003,0.3683742919820361
mpd.slice.819000-819999.json,34313044,1000,67852,0.3917254999978468
mpd.slice.82000-82999.json,34431583,1000,68208,0.3892852079879958
mpd.slice.820000-820999.json,35130514,1000,69484,0.39414854199276306
mpd.slice.821000-821999.json,35018647,1000,69341,0.3929774999851361
mpd.slice.822000-822999.json,34844143,1000,68847,0.3916634999914095
mpd.slice.823000-823999.json,33732567,1000,66723,0.3793493330013007
mpd.slice.824000-824999.json,33800286,1000,66873,0.3802358329994604
mpd.slice.825000-825999.json,33196184,1000,65669,0.3724658749997616
mpd.slice.826000-826999.json,32915828,1000,65156,0.37274062499636784
mpd.slice.827000-827999.json,33631971,1000,66574,0.38053204098832794
mpd.slice.828000-828999.json,33318215,1000,65937,0.37457979199825786
mpd.slice.829000-829999.json,34866026,1000,69048,0.39302104199305177
mpd.slice.83000-83999.json,32483057,1000,64217,0.36885616698418744
mpd.slice.830000-830999.json,34510335,1000,68321,0.3880152909841854
mpd.slice.831000-831999.json,34527924,1000,68266,0.3904501250071917
mpd.slice.832000-832999.json,33251716,1000,65811,0.3748936250049155
mpd.slice.833000-833999.json,33657071,1000,66611,0.3791157499945257
mpd.slice.834000-834999.json,36221075,1000,71700,0.4098337079922203
mpd.slice.835000-835999.json,32992511,1000,65188,0.3693994590139482
mpd.slice.836000-836999.json,33595688,1000,66436,0.37980150000657886
mpd.slice.837000-837999.json,33049035,1000,65366,0.3720812080136966
mpd.slice.838000-838999.json,34928190,1000,69108,0.3918519160069991
mpd.slice.839000-839999.json,34083708,1000,67526,0.3853245830105152
mpd.slice.84000-84999.json,33628120,1000,66568,0.3817276670015417
mpd.slice.840000-840999.json,34143923,1000,67528,0.3860643749940209
mpd.slice.841000-841999.json,34049719,1000,67389,0.38264541601529345
mpd.slice.842000-842999.json,34189274,1000,67637,0.38322308301576413
mpd.slice.843000-843999.json,34134485,1000,67597,0.38462270799209364
mpd.slice.844000-844999.json,33041376,1000,65327,0.371470500016585
mpd.slice.845000-845999.json,32102521,1000,63574,0.36174054199364036
mpd.slice.846000-846999.json,33588870,1000,66497,0.38632420799694955
mpd.slice.847000-847999.json,33719367,1000,66769,0.38485583299188875
mpd.slice.848000-848999.json,32718774,1000,64684,0.36672099999850616
mpd.slice.849000-849999.json,34037174,1000,67398,0.38806183298584074
mpd.slice.85000-85999.json,34919357,1000,69071,0.3908346660027746
mpd.slice.850000-850999.json,35894609,1000,71024,0.41378833301132545
mpd.slice.851000-851999.json,32932954,1000,65148,0.41936045899637975
mpd.slice.852000-852999.json,31667557,1000,62680,0.4063297090178821
mpd.slice.853000-853999.json,34413134,1000,68064,0.4435257499862928
mpd.slice.854000-854999.json,32984590,1000,65240,0.40452037498471327
mpd.slice.855000-855999.json,34045739,1000,67448,0.40280212499783374
mpd.slice.856000-856999.json,33537070,1000,66334,0.3792748329869937
mpd.slice.857000-857999.json,33157538,1000,65538,0.3749621660099365
mpd.slice.858000-858999.json,32432861,1000,64071,0.3674176660133526
mpd.slice.859000-859999.json,34041795,1000,67281,0.3860058749851305
mpd.slice.86000-86999.json,32385226,1000,64171,0.3642939999990631
mpd.slice.860000-860999.json,33993906,1000,67352,0.38151720800669864
mpd.slice.861000-861999.json,34002773,1000,67202,0.38296625000657514
mpd.slice.862000-862999.json,34150688,1000,67666,0.383446833002381
mpd.slice.863000-863999.json,32695777,1000,64592,0.3677581249794457
mpd.slice.864000-864999.json,33484967,1000,66213,0.3784907090011984
mpd.slice.865000-865999.json,34104742,1000,67478,0.3861529999994673
mpd.slice.866000-866999.json,33966931,1000,67214,0.379438542004209
mpd.slice.867000-867999.json,34918057,1000,69027,0.39266033298918046
mpd.slice.868000-868999.json,33374030,1000,66034,0.37517250000382774
mpd.slice.869000-869999.json,31833103,1000,62888,0.35823874999186955
mpd.slice.87000-87999.json,34030329,1000,67337,0.3863162920169998
mpd.slice.870000-870999.json,32813113,1000,64900,0.3875268749834504
mpd.slice.871000-871999.json,32586867,1000,64462,0.40445437500602566
mpd.slice.872000-872999.json,33164194,1000,65534,0.3939970829815138
mpd.slice.873000-873999.json,32798546,1000,64809,0.3686447920044884
mpd.slice.874000-874999.json,31537374,1000,62361,0.3535202089988161
mpd.slice.875000-875999.json,32941159,1000,65187,0.3700434589991346
mpd.slice.876000-876999.json,33028148,1000,65419,0.3710343330167234
mpd.slice.877000-877999.json,33694334,1000,66650,0.3775042920024134
mpd.slice.878000-878999.json,33938907,1000,67179,0.381694832991343
mpd.slice.879000-879999.json,33872557,1000,67053,0.38336562502081506
mpd.slice.88000-88999.json,32857638,1000,64956,0.37099266599398106
mpd.slice.880000-880999.json,33506338,1000,66240,0.374503500002902
mpd.slice.881000-881999.json,33428172,1000,66187,0.37724404101027176
mpd.slice.882000-882999.json,33071702,1000,65436,0.37049895801465027
mpd.slice.883000-883999.json,33203802,1000,65710,0.37224733299808577
mpd.slice.884000-884999.json,33462528,1000,66160,0.375102040998172
mpd.slice.885000-885999.json,33326053,1000,65936,0.37275966702145524
mpd.slice.886000-886999.json,31933171,1000,63096,0.35980295899207704
mpd.slice.887000-887999.json,32075807,1000,63429,0.3594743749999907
mpd.slice.888000-888999.json,34758490,1000,68713,0.3886390840052627
mpd.slice.889000-889999.json,33338034,1000,65934,0.37514570899656974
mpd.slice.89000-89999.json,32481037,1000,64160,0.36294054199242964
mpd.slice.890000-890999.json,33651728,1000,66594,0.37882374998298474
mpd.slice.891000-891999.json,33956666,1000,67095,0.38149408300523646
mpd.slice.892000-892999.json,34238600,1000,67795,0.3849990419985261
mpd.slice.893000-893999.json,34437482,1000,68106,0.3903344160062261
mpd.slice.894000-894999.json,33595894,1000,66464,0.37751958300941624
mpd.slice.895000-895999.json,33698008,1000,66689,0.3766783330065664
mpd.slice.896000-896999.json,32844943,1000,64916,0.37112766699283384
mpd.slice.897000-897999.json,32195570,1000,63702,0.36245204199803993
mpd.slice.898000-898999.json,32699240,1000,64690,0.611545624997234
mpd.slice.899000-899999.json,33890125,1000,67028,0.4786222499969881
mpd.slice.9000-9999.json,32017612,1000,63292,0.49570358399068937
mpd.slice.90000-90999.json,34119050,1000,67435,0.4850997500179801
mpd.slice.900000-900999.json,34170792,1000,67692,0.4092255420109723
mpd.slice.901000-901999.json,33357412,1000,66041,0.39543925001635216
mpd.slice.902000-902999.json,34440042,1000,68176,0.4154189580003731
mpd.slice.903000-903999.json,33491608,1000,66352,0.3947159170056693
mpd.slice.904000-904999.json,32368402,1000,64088,0.4006557080138009
mpd.slice.905000-905999.json,33815285,1000,66822,0.419263250019867
mpd.slice.906000-906999.json,34551704,1000,68350,0.41461100001470186
mpd.slice.907000-907999.json,34635930,1000,68544,0.5231256249826401
mpd.slice.908000-908999.json,34227691,1000,67739,0.4202884170226753
mpd.slice.909000-909999.json,34156564,1000,67629,0.39627441597986035
mpd.slice.91000-91999.json,34012096,1000,67289,0.38587529098731466
mpd.slice.910000-910999.json,33149985,1000,65554,0.37294145801570266
mpd.slice.911000-911999.json,33455731,1000,66203,0.39091350001399405
mpd.slice.912000-912999.json,32923093,1000,65200,0.3769835839921143
mpd.slice.913000-913999.json,32197781,1000,63703,0.3639991249947343
mpd.slice.914000-914999.json,33849855,1000,66985,0.38364691598690115
mpd.slice.915000-915999.json,33866275,1000,67024,0.38524512501317076
mpd.slice.916000-916999.json,33790570,1000,66794,0.3799152919964399
mpd.slice.917000-917999.json,33053515,1000,65442,0.37501329099177383
mpd.slice.918000-918999.json,33946207,1000,67225,0.3811645000241697
mpd.slice.919000-919999.json,34524180,1000,68376,0.39869220901164226
mpd.slice.92000-92999.json,32063350,1000,63449,0.4142392500070855
mpd.slice.920000-920999.json,32835447,1000,64883,0.391486749984324
mpd.slice.921000-921999.json,32832724,1000,64976,0.3925175000040326
mpd.slice.922000-922999.json,34796569,1000,68838,0.4119983749988023
mpd.slice.923000-923999.json,34026309,1000,67325,0.3938968750007916
mpd.slice.924000-924999.json,34679984,1000,68623,0.40314245902118273
mpd.slice.925000-925999.json,34354467,1000,67974,0.3912052919913549
mpd.slice.926000-926999.json,33293144,1000,65921,0.3785600420087576
mpd.slice.927000-927999.json,33859210,1000,67053,0.37951112500741147
mpd.slice.928000-928999.json,33576179,1000,66428,0.37784108298365027
mpd.slice.929000-929999.json,33485369,1000,66315,0.3787414999969769
mpd.slice.93000-93999.json,34814108,1000,68910,0.39472704101353884
mpd.slice.930000-930999.json,34536134,1000,68336,0.3893146250047721
mpd.slice.931000-931999.json,33487263,1000,66283,0.37777970801107585
mpd.slice.932000-932999.json,35264875,1000,69769,0.3965743749868125
mpd.slice.933000-933999.json,33371933,1000,65987,0.377077792014461
mpd.slice.934000-934999.json,33587317,1000,66464,0.3779105410212651
mpd.slice.935000-935999.json,31971780,1000,63226,0.35737587499897927
mpd.slice.936000-936999.json,33551928,1000,66289,0.3797400000039488
mpd.slice.937000-937999.json,34274218,1000,67837,0.3848534999997355
mpd.slice.938000-938999.json,33202827,1000,65727,0.3733311250107363
mpd.slice.939000-939999.json,34148580,1000,67586,0.38716083401232027
mpd.slice.94000-94999.json,33369575,1000,66080,0.3765712910098955
mpd.slice.940000-940999.json,34145815,1000,67531,0.4366347909963224
mpd.slice.941000-941999.json,33513972,1000,66319,0.5327483330038376
mpd.slice.942000-942999.json,33802435,1000,66881,0.3917329999967478
mpd.slice.943000-943999.json,34121859,1000,67542,0.41950145800365135
mpd.slice.944000-944999.json,33959357,1000,67187,0.40507049998268485
mpd.slice.945000-945999.json,33308419,1000,65923,0.4044620410131756
mpd.slice.946000-946999.json,33599308,1000,66437,0.3906407499744091
mpd.slice.947000-947999.json,33900839,1000,67102,0.41418254098971374
mpd.slice.948000-948999.json,32428346,1000,64228,0.3797740000009071
mpd.slice.949000-949999.json,33863645,1000,66964,0.3917590419878252
mpd.slice.95000-95999.json,34530929,1000,68357,0.40795074999914505
mpd.slice.950000-950999.json,35337623,1000,69963,0.40938975001336075
mpd.slice.951000-951999.json,34003727,1000,67278,0.40074566699331626
mpd.slice.952000-952999.json,33510160,1000,66259,0.40653595901676454
mpd.slice.953000-953999.json,33643117,1000,66546,0.4134832499839831
mpd.slice.954000-954999.json,34709171,1000,68617,0.42380175000289455
mpd.slice.955000-955999.json,34385142,1000,68013,0.43168145898380317
mpd.slice.956000-956999.json,33167622,1000,65613,0.3882340840063989
mpd.slice.957000-957999.json,32376615,1000,64002,0.37070450000464916
mpd.slice.958000-958999.json,30879126,1000,60993,0.36227270800736733
mpd.slice.959000-959999.json,34811781,1000,68851,0.41090479100239463
mpd.slice.96000-96999.json,32611297,1000,64558,0.38216199999442324
mpd.slice.960000-960999.json,32213816,1000,63694,0.37509133300045505
mpd.slice.961000-961999.json,32834537,1000,64934,0.38292179099516943
mpd.slice.962000-962999.json,33207674,1000,65695,0.38051449999329634
mpd.slice.963000-963999.json,32105801,1000,63560,0.3685907920007594
mpd.slice.964000-964999.json,34214683,1000,67751,0.3925115000165533
mpd.slice.965000-965999.json,32919744,1000,65113,0.3782595840166323
mpd.slice.966000-966999.json,34116566,1000,67517,0.3902718329918571
mpd.slice.967000-967999.json,34076964,1000,67390,0.39757754097809084
mpd.slice.968000-968999.json,33669389,1000,66556,0.39348516598693095
mpd.slice.969000-969999.json,33134321,1000,65510,0.3795960409916006
mpd.slice.97000-97999.json,33689805,1000,66667,0.38768791701295413
mpd.slice.970000-970999.json,34003303,1000,67299,0.3901682090072427
mpd.slice.971000-971999.json,33350542,1000,65978,0.38778825002373196
mpd.slice.972000-972999.json,33200400,1000,65693,0.38491704198531806
mpd.slice.973000-973999.json,34124550,1000,67499,0.40270079200854525
mpd.slice.974000-974999.json,34312413,1000,67911,0.39356741702067666
mpd.slice.975000-975999.json,35306316,1000,69877,0.4124548340041656
mpd.slice.976000-976999.json,33486695,1000,66279,0.3839872909884434
mpd.slice.977000-977999.json,32926063,1000,64997,0.3790168330015149
mpd.slice.978000-978999.json,33666360,1000,66612,0.38580225000623614
mpd.slice.979000-979999.json,34278399,1000,67846,0.3975720000162255
mpd.slice.98000-98999.json,33292089,1000,65853,0.3832824580022134
mpd.slice.980000-980999.json,32358687,1000,64018,0.37040091698872857
mpd.slice.981000-981999.json,32830913,1000,64949,0.37764154199976474
mpd.slice.982000-982999.json,33152812,1000,65566,0.3806724580063019
mpd.slice.983000-983999.json,32772858,1000,64754,0.37675270801992156
mpd.slice.984000-984999.json,34258486,1000,67795,0.39418791700154543
mpd.slice.985000-985999.json,33671322,1000,66663,0.38482249999651685
mpd.slice.986000-986999.json,32815285,1000,64956,0.38121166601195
mpd.slice.987000-987999.json,33485245,1000,66157,0.38609416599501856
mpd.slice.988000-988999.json,34024993,1000,67285,0.390899249992799
mpd.slice.989000-989999.json,33160180,1000,65627,0.3844910420011729
mpd.slice.99000-99999.json,34946792,1000,69191,0.4007475419784896
mpd.slice.990000-990999.json,33016359,1000,65275,0.3788209999911487
mpd.slice.991000-991999.json,33989802,1000,67331,0.3926274999976158
mpd.slice.992000-992999.json,33596497,1000,66473,0.3857852079963777
mpd.slice.993000-993999.json,33206892,1000,65711,0.3985490000050049
mpd.slice.994000-994999.json,33240669,1000,65640,0.37844858298194595
mpd.slice.995000-995999.json,32412055,1000,64028,0.3740479160042014
mpd.slice.996000-996999.json,34940096,1000,69098,0.4025503330049105
mpd.slice.997000-997999.json,34581338,1000,68440,0.40172520800842904
mpd.slice.998000-998999.json,33705295,1000,66662,0.39055074998759665
mpd.slice.999000-999999.json,32407684,1000,64050,0.3745315409905743
